City_ID,City,Lat,Lng,Max Temp,Humidity,Cloudiness,Wind Speed,Country,Date
0,byron bay,-28.65,153.6167,48.7,81,6,4.16,AU,1691614597
1,grytviken,-54.2811,-36.5092,18.66,73,12,5.64,GS,1691614505
2,san antonio de pale,-1.4014,5.6325,74.75,81,90,12.59,GQ,1691614597
3,hotan,37.0997,79.9269,81.82,26,55,6.49,CN,1691614597
4,hilo,19.7297,-155.09,82.27,86,100,6.91,US,1691614556
5,uturoa,-16.7333,-151.4333,76.87,70,9,17.72,PF,1691614598
6,port elizabeth,-33.918,25.5701,62.89,77,0,17.27,ZA,1691614598
7,bredasdorp,-34.5322,20.0403,51.24,92,0,3.56,ZA,1691614598
8,colonia,50.9333,6.95,64.06,74,0,4.61,DE,1691614348
9,kirakira,-10.4544,161.9205,77.2,89,100,8.66,SB,1691614598
10,qaqortoq,60.7167,-46.0333,45.84,75,16,4.34,GL,1691614599
11,aksu,41.1231,80.2644,77.65,36,9,2.24,CN,1691614599
12,thompson,55.7435,-97.8558,66.36,45,75,11.5,CA,1691614599
13,waitangi,-43.9535,-176.5597,48.81,77,78,4.0,NZ,1691614491
14,atafu village,-8.5421,-172.5159,82.92,79,100,15.01,TK,1691614599
15,illizi,26.4833,8.4667,93.0,13,0,8.77,DZ,1691614599
16,adamstown,-25.066,-130.1015,65.97,69,59,21.59,PN,1691614600
17,bethel,41.3712,-73.414,86.02,52,0,13.8,US,1691614302
18,williams lake,52.1415,-122.1445,74.05,59,75,3.44,CA,1691614507
19,iqaluit,63.7506,-68.5145,40.73,93,100,8.05,CA,1691614417
20,klyuchi,52.2667,79.1667,67.35,46,80,6.89,RU,1691614600
21,necochea,-38.5473,-58.7368,52.81,78,94,10.29,AR,1691614358
22,ushuaia,-54.8,-68.3,47.86,49,40,13.8,AR,1691614600
23,stanley,54.868,-1.6985,63.79,85,75,5.75,GB,1691614601
24,bilibino,68.0546,166.4372,51.76,47,99,3.44,RU,1691614601
25,miasskoye,55.2784,61.8905,62.87,76,40,8.03,RU,1691614601
26,ribeira grande,38.5167,-28.7,77.4,78,20,11.5,PT,1691614601
27,las heras,-46.5419,-68.9359,54.54,59,100,20.65,AR,1691614602
28,i-n-salah,27.1935,2.4607,99.37,10,0,17.36,DZ,1691614602
29,yellowknife,62.456,-114.3525,70.32,43,75,17.27,CA,1691614509
30,jamestown,42.097,-79.2353,81.01,55,20,12.66,US,1691614564
31,broken hill,-31.95,141.4333,50.79,82,40,10.02,AU,1691614602
32,callao,-12.0667,-77.15,71.89,68,100,11.5,PE,1691614333
33,port-aux-francais,-49.35,70.2167,36.77,78,92,27.49,TF,1691614603
34,mata-utu,-13.2816,-176.1745,82.27,76,11,11.34,WF,1691614587
35,shanhaiguan,39.9988,119.7564,73.11,73,0,5.68,CN,1691614603
36,nazira,26.9167,94.7333,77.58,97,96,2.24,IN,1691614603
37,the pas,53.8251,-101.2541,64.42,45,0,5.75,CA,1691614603
38,ramanuj ganj,23.8,83.7,74.03,86,94,5.1,IN,1691614603
39,puerto natales,-51.7236,-72.4875,37.24,95,87,2.75,CL,1691614607
40,margaret river,-33.95,115.0667,50.88,78,100,3.51,AU,1691614607
41,hawaiian paradise park,19.5933,-154.9731,81.03,81,100,6.91,US,1691614608
42,edinburgh of the seven seas,-37.0676,-12.3116,51.49,60,63,24.99,SH,1691614608
43,paea,-17.6833,-149.5833,82.11,65,20,3.44,PF,1691614608
44,codrington,-38.2667,141.9667,50.61,82,74,16.91,AU,1691614608
45,talnakh,69.4865,88.3972,56.21,65,100,4.85,RU,1691614608
46,vila franca do campo,37.7167,-25.4333,73.81,95,100,11.32,PT,1691614348
47,moranbah,-22.0016,148.0466,53.56,93,0,7.27,AU,1691614609
48,kodiak,57.79,-152.4072,53.11,100,100,4.61,US,1691614609
49,east london,-33.0153,27.9116,62.85,80,65,16.89,ZA,1691614609
50,brokopondo,4.75,-55.1667,88.57,62,60,1.07,SR,1691614609
51,port mathurin,-19.6833,63.4167,73.31,63,0,16.55,MU,1691614491
52,vadso,70.0744,29.7487,74.28,77,9,9.22,NO,1691614610
53,severo-yeniseyskiy,60.3725,93.0408,50.99,86,31,4.54,RU,1691614526
54,smithers,54.7804,-127.1743,62.92,72,75,6.91,CA,1691614610
55,minas de marcona,-15.2119,-75.1103,63.03,64,5,12.21,PE,1691614610
56,holualoa,19.6228,-155.9522,82.54,67,20,11.5,US,1691614542
57,olonkinbyen,70.9221,-8.7187,42.8,100,100,7.78,SJ,1691614610
58,nuku'alofa,-21.1333,-175.2,71.94,94,100,6.91,TO,1691614611
59,albany,42.6001,-73.9662,83.57,52,51,1.99,US,1691614386
60,ilulissat,69.2167,-51.1,50.02,50,75,2.3,GL,1691614504
61,west island,-12.1568,96.8225,76.98,83,75,11.5,CC,1691614611
62,fortuna,40.5982,-124.1573,73.92,72,0,16.11,US,1691614611
63,dunedin,-45.8742,170.5036,40.8,68,39,5.99,NZ,1691614492
64,san jeronimo de juarez,17.1333,-100.4667,86.72,71,100,2.98,MX,1691614612
65,waddan,29.1614,16.139,80.73,48,0,17.29,LY,1691614612
66,homosassa springs,28.8036,-82.5759,97.02,69,40,9.22,US,1691614612
67,georgetown,5.4112,100.3354,80.02,93,40,9.22,MY,1691614601
68,tagta,41.6504,59.9164,76.95,50,0,6.91,TM,1691614612
69,san luis de la loma,17.2706,-100.8939,85.69,77,100,1.68,MX,1691614612
70,hermanus,-34.4187,19.2345,55.4,85,0,9.75,ZA,1691614501
71,dudinka,69.4058,86.1778,56.62,70,100,19.82,RU,1691614345
72,nanakuli,21.3906,-158.1547,84.15,51,0,17.27,US,1691614613
73,galesong,-5.3166,119.3661,69.82,78,100,7.11,ID,1691614601
74,blackmans bay,-43.0167,147.3167,54.73,69,100,6.82,AU,1691614613
75,olinda,-8.0089,-34.8553,78.53,69,75,12.66,BR,1691614613
76,americus,32.0724,-84.2327,89.73,62,0,6.91,US,1691614614
77,aasiaat,68.7098,-52.8699,40.21,81,16,8.81,GL,1691614614
78,longyearbyen,78.2186,15.6401,49.84,66,0,3.44,SJ,1691614614
79,tiksi,71.6872,128.8694,61.63,52,8,7.09,RU,1691614614
80,papatowai,-46.5619,169.4708,36.82,87,95,5.84,NZ,1691614614
81,chonchi,-42.6128,-73.8092,51.01,96,100,9.84,CL,1691614614
82,kristiansund,63.1115,7.732,52.45,87,75,2.3,NO,1691614539
83,whitehorse,60.7161,-135.0538,67.1,45,75,8.01,CA,1691614615
84,invercargill,-46.4,168.35,32.02,95,85,1.01,NZ,1691614615
85,carnarvon,-24.8667,113.6333,66.92,75,28,10.13,AU,1691614615
86,hithadhoo,-0.6,73.0833,80.71,76,63,4.0,MV,1691614523
87,lihue,21.9789,-159.3672,88.84,66,75,19.57,US,1691614616
88,taltal,-25.4,-70.4833,66.33,64,63,6.35,CL,1691614616
89,praia,14.9215,-23.5087,81.14,69,20,16.11,CV,1691614616
90,kismayo,-0.3582,42.5454,75.54,83,35,14.12,SO,1691614521
91,paita,-5.0892,-81.1144,74.12,75,91,16.4,PE,1691614617
92,nantucket,41.2835,-70.0995,84.25,63,0,17.27,US,1691614617
93,pico truncado,-46.7949,-67.9573,56.1,55,100,19.64,AR,1691614617
94,suva,-18.1416,178.4415,69.28,88,75,6.91,FJ,1691614617
95,hadibu,12.65,54.0333,77.86,81,69,16.67,YE,1691614617
96,caleta olivia,-46.4393,-67.5281,59.38,52,100,20.22,AR,1691614617
97,arkhangel'sk,64.5401,40.5433,61.14,83,4,4.83,RU,1691614618
98,campbellsville,37.3434,-85.3419,80.73,62,100,3.0,US,1691614618
99,ust-nera,64.5667,143.2,60.96,60,12,3.47,RU,1691614618
100,morehead city,34.7229,-76.726,91.42,69,0,14.97,US,1691614413
101,kailua-kona,19.6406,-155.9956,86.27,68,20,11.5,US,1691614362
102,iskateley,67.6803,53.1512,54.1,83,38,5.68,RU,1691614499
103,udachny,66.4167,112.4,55.45,54,98,5.95,RU,1691614618
104,punta arenas,-53.15,-70.9167,39.11,93,100,7.85,CL,1691614449
105,susuman,62.7833,148.1667,46.36,83,90,1.9,RU,1691614619
106,petropavlovsk-kamchatsky,53.0452,158.6483,55.99,77,0,4.47,RU,1691614620
107,plattsburgh,44.6995,-73.4529,82.62,42,40,12.66,US,1691614620
108,bengkulu,-3.8004,102.2655,73.4,92,46,5.64,ID,1691614620
109,janauba,-15.8025,-43.3089,78.31,39,0,11.97,BR,1691614473
110,sandakan,5.8402,118.1179,80.28,88,20,2.3,MY,1691614621
111,ancud,-41.8697,-73.8203,51.67,91,100,22.62,CL,1691614621
112,alaghsas,17.0187,8.0168,79.0,63,38,25.64,NE,1691614621
113,turochak,52.2576,87.1224,57.52,90,71,3.38,RU,1691614621
114,sitka,57.0531,-135.33,58.89,88,100,5.75,US,1691614622
115,lospalos,-8.5186,127.0025,67.75,94,53,4.14,TL,1691614604
116,lodeynoye pole,60.726,33.5531,59.56,99,100,3.02,RU,1691614622
117,kavieng,-2.5744,150.7967,80.87,79,95,14.67,PG,1691614622
118,kapuskasing,49.4169,-82.4331,75.29,53,40,8.05,CA,1691614623
119,lompoc,34.6391,-120.4579,88.02,74,75,7.0,US,1691614623
120,namibe,-15.1961,12.1522,63.84,88,64,6.96,AO,1691614346
121,kavaratti,10.5669,72.642,82.58,76,100,15.66,IN,1691614624
122,puerto ayora,-0.7393,-90.3518,85.96,87,99,7.0,EC,1691614493
123,tainan,22.9908,120.2133,80.38,100,75,6.91,TW,1691614424
124,levuka,50.1834,-105.4011,56.93,82,100,13.8,CA,1691614624
125,wenling,28.3669,121.36,78.91,88,56,3.98,CN,1691614625
126,raja,8.4596,25.678,69.44,95,86,3.98,SS,1691614626
127,guigang,23.0964,109.6092,78.24,93,93,2.24,CN,1691614627
128,watsa,3.0372,29.5355,63.54,96,31,1.83,CD,1691614627
129,polyarnyy,69.1989,33.4478,66.34,73,0,6.38,RU,1691614627
130,ataq,14.5377,46.8319,79.0,52,100,6.89,YE,1691614627
131,boundiali,9.5217,-6.4869,73.06,93,100,4.41,CI,1691614628
132,labrador city,52.9463,-66.9114,55.31,94,100,8.05,CA,1691614334
133,angaur state,6.906,134.13,82.6,80,98,19.55,PW,1691614629
134,machali,-34.1833,-70.6667,57.72,71,100,2.28,CL,1691614629
135,saint-joseph,-21.3667,55.6167,66.58,77,19,7.56,RE,1691614629
136,larache,35.1932,-6.1557,73.83,85,6,13.02,MA,1691614629
137,lepsy,46.235,78.9456,75.43,41,0,9.6,KZ,1691614630
138,college,64.8569,-147.8028,72.21,82,75,3.44,US,1691614630
139,nova sintra,14.8667,-24.7167,73.44,73,51,16.62,CV,1691614630
140,vorgashor,67.5833,63.95,46.09,88,28,6.73,RU,1691614630
141,hasaki,35.7333,140.8333,80.31,78,55,11.88,JP,1691614630
142,yanchep,-31.55,115.6833,51.94,66,81,6.2,AU,1691614631
143,daru,-9.0763,143.2092,74.7,82,80,14.45,PG,1691614631
144,saipan,15.1355,145.701,83.1,100,100,8.05,MP,1691614631
145,mayna,54.1135,47.6231,66.18,55,0,6.08,RU,1691614631
146,timimoun,29.2639,0.231,102.58,11,0,9.22,DZ,1691614631
147,tolanaro,-25.0319,46.9987,68.07,88,20,16.11,MG,1691614632
148,bondo,3.8146,23.6866,69.8,98,100,3.33,CD,1691614632
149,patterson,37.4716,-121.1297,91.02,14,0,4.07,US,1691614633
150,massawa,15.6097,39.45,95.67,48,72,6.53,ER,1691614633
151,utrik,11.2278,169.8474,82.42,73,90,11.9,MH,1691614633
152,saint-loubes,44.9154,-0.427,80.89,35,6,8.34,FR,1691614633
153,buta,2.7858,24.73,71.78,90,74,1.79,CD,1691614536
154,nar'yan-mar,67.6713,53.087,54.5,83,43,5.59,RU,1691614634
155,usinsk,65.9939,57.5281,53.37,76,76,7.45,RU,1691614634
156,kalkaman,51.9525,76.0211,74.44,36,96,3.15,KZ,1691614634
157,coahuayana de hidalgo,18.7,-103.6583,90.97,64,19,9.08,MX,1691614613
158,tsiombe,-25.3,45.4833,66.51,88,5,6.78,MG,1691614635
159,inarajan village,13.2736,144.7484,79.77,95,100,17.16,GU,1691614635
160,maceio,-9.6658,-35.7353,76.44,83,40,5.75,BR,1691614635
161,bardai,11.65,7.2333,73.06,88,100,6.73,NG,1691614362
162,lombardia,19.15,-102.0333,91.29,51,23,4.14,MX,1691614636
163,argo,37.6333,22.7333,76.78,71,31,2.28,GR,1691614636
164,kerikeri,-35.2268,173.9474,51.17,76,1,5.08,NZ,1691614636
165,ugoofaaru,5.6667,73.0,82.09,79,100,14.7,MV,1691614527
166,lichinga,-13.3128,35.2406,55.24,55,0,7.25,MZ,1691614637
167,salyan,39.5936,48.9805,81.1,64,0,6.6,AZ,1691614637
168,nouadhibou,20.931,-17.0347,73.38,83,20,21.85,MR,1691614606
169,birjand,32.8663,59.2211,77.47,20,0,11.5,IR,1691614638
170,kill devil hills,36.0307,-75.676,86.0,70,0,6.91,US,1691614606
171,enewetak,11.3474,162.3373,83.32,77,84,14.47,MH,1691614523
172,okha,53.5739,142.9478,56.57,90,92,6.78,RU,1691614638
173,husainabad,24.5333,84.0167,78.1,86,100,4.81,IN,1691614639
174,asino,56.9979,86.1452,53.2,90,6,6.04,RU,1691614639
175,pushkinskiye gory,57.0209,28.9103,53.67,73,8,4.65,RU,1691614639
176,wailua homesteads,22.0669,-159.378,88.23,74,75,19.57,US,1691614639
177,bintulu,3.1667,113.0333,77.41,88,20,5.99,MY,1691614639
178,isafjordur,66.0755,-23.124,48.43,63,86,8.23,IS,1691614639
179,urangan,-25.3,152.9,61.7,69,63,6.2,AU,1691614500
180,onega,63.9061,38.1404,61.05,77,1,6.69,RU,1691614640
181,fisterra,42.9049,-9.2629,70.75,78,100,13.11,ES,1691614640
182,eidson road,28.6772,-100.487,107.17,23,2,12.35,US,1691614640
183,mar del plata,-38.0023,-57.5575,56.08,90,75,12.66,AR,1691614640
184,gorom-gorom,14.4439,-0.2361,84.38,58,80,6.82,BF,1691614641
185,murzuq,25.9155,13.9184,83.43,18,0,10.25,LY,1691614641
186,port alfred,-33.5906,26.891,61.18,88,39,5.99,ZA,1691614641
187,badger,64.8,-147.5333,72.14,82,100,3.44,US,1691614498
188,idaho falls,43.4666,-112.0341,81.86,32,0,12.66,US,1691614638
189,effingham,32.3669,-81.3332,91.35,42,41,8.88,US,1691614642
190,sodankyla,67.4167,26.6,59.94,92,11,2.1,FI,1691614642
191,greymouth,-42.4667,171.2,39.88,78,46,8.9,NZ,1691614642
192,margate,51.3813,1.3862,62.69,79,0,4.0,GB,1691614642
193,flying fish cove,-10.4217,105.6791,74.88,88,100,12.66,CX,1691614643
194,yemetsk,63.4721,41.7941,61.84,89,7,4.61,RU,1691614643
195,valparaiso,-33.0393,-71.6273,59.0,91,100,12.66,CL,1691614516
196,portland,45.5234,-122.6762,84.61,51,75,5.75,US,1691614519
197,turkmenbasy,40.0222,52.9552,81.37,39,0,6.91,TM,1691614644
198,vilyuchinsk,52.9306,158.4028,57.47,75,100,5.14,RU,1691614644
199,papao,-17.75,-149.55,82.08,72,100,16.04,PF,1691614644
200,opuwo,-18.0607,13.84,64.15,38,16,5.66,NA,1691614501
201,chibougamau,49.9168,-74.3659,73.02,49,75,3.44,CA,1691614645
202,santa terezinha,-29.9002,-50.0904,61.3,96,100,19.44,BR,1691614547
203,tura,25.5198,90.2201,74.3,98,100,2.3,IN,1691614645
204,choyr,46.3611,108.3611,67.44,51,98,10.49,MN,1691614645
205,diamantino,-14.4086,-56.4461,96.03,18,3,4.0,BR,1691614645
206,hastings,50.8552,0.5729,64.8,42,2,4.29,GB,1691614645
207,port hedland,-20.3167,118.5667,60.85,41,2,9.22,AU,1691614606
208,yeppoon,-23.1333,150.7333,53.38,88,0,10.07,AU,1691614646
209,laguna,38.421,-121.4238,92.32,41,0,3.0,US,1691614588
210,tazovsky,67.4667,78.7,46.26,86,80,18.72,RU,1691614646
211,changwon,35.2281,128.6811,80.31,97,100,23.06,KR,1691614646
212,vetovo,43.7,26.2667,62.51,70,72,7.99,BG,1691614647
213,alice springs,-23.7,133.8833,44.15,70,0,3.44,AU,1691614647
214,altai,46.3722,96.2583,57.42,53,0,5.84,MN,1691614647
215,dalianwan,39.0286,121.695,77.04,73,0,6.71,CN,1691614647
216,beitbridge,-22.2167,30.0,66.85,43,67,13.47,ZW,1691614647
217,remire-montjoly,4.9167,-52.2667,86.04,70,0,12.66,GF,1691614648
218,shajiang,26.7825,119.9669,79.02,91,8,3.62,CN,1691614648
219,upington,-28.4478,21.2561,59.38,20,0,8.05,ZA,1691614648
220,sinabang,2.4803,96.3801,77.09,91,100,10.67,ID,1691614648
221,malpe,13.35,74.7167,79.9,90,85,2.75,IN,1691614649
222,la passe,45.5549,-0.8967,79.03,49,1,13.04,FR,1691614649
223,nikolayevsk-on-amure,53.1406,140.73,56.77,85,69,2.44,RU,1691614649
224,haiku-pauwela,20.9219,-156.3051,81.25,62,40,18.41,US,1691614649
225,anadyr,64.75,177.4833,50.5,81,75,8.01,RU,1691614650
226,camana,-16.6228,-72.7111,65.32,79,63,6.02,PE,1691614650
227,fale old settlement,-9.3852,-171.2468,83.14,78,30,15.01,TK,1691614651
228,at taj,24.2049,23.2857,93.36,24,68,15.68,LY,1691614651
229,marsh harbour,26.5412,-77.0636,86.34,69,78,1.54,BS,1691614651
230,magadan,59.5667,150.8,47.53,65,57,8.05,RU,1691614651
231,cidreira,-30.1811,-50.2056,61.27,95,100,21.41,BR,1691614652
232,ola,59.5833,151.2833,48.15,62,7,9.28,RU,1691614513
233,antonio enes,-16.2325,39.9086,71.4,77,49,9.6,MZ,1691614652
234,praia da vitoria,38.7333,-27.0667,79.05,78,20,7.56,PT,1691614652
235,awjilah,29.1081,21.2869,80.47,49,0,15.73,LY,1691614653
236,khamis mushait,18.3064,42.7292,75.81,53,0,0.0,SA,1691614653
237,ballina,-28.8667,153.5667,48.78,85,7,5.73,AU,1691614654
238,bentiu,9.2333,29.8333,75.0,85,100,1.99,SS,1691614654
239,nuuk,64.1835,-51.7216,41.88,86,100,17.0,GL,1691614655
240,keflavik,64.0049,-22.5624,60.71,62,0,12.66,IS,1691614655
241,charleston,32.7766,-79.9309,91.58,65,40,10.36,US,1691614385
242,saltillo,25.4167,-101.0,89.15,31,0,11.5,MX,1691614444
243,masterton,-40.9597,175.6575,40.89,98,100,3.76,NZ,1691614655
244,zaozersk,69.4005,32.4476,64.22,78,0,2.26,RU,1691614655
245,aykhal,66.0,111.5,58.84,61,90,5.5,RU,1691614524
246,rio grande,-32.035,-52.0986,62.71,93,100,25.52,BR,1691614380
247,el jadid,33.2549,-8.506,72.63,91,1,11.65,MA,1691614656
248,ciudad insurgentes,25.2625,-111.7753,97.66,33,0,16.55,MX,1691614656
249,touros,-5.1989,-35.4608,77.0,80,41,16.93,BR,1691614657
250,mount gambier,-37.8333,140.7667,49.87,76,100,10.65,AU,1691614658
251,queenstown,-31.8976,26.8753,49.51,92,15,4.14,ZA,1691614518
252,oranjemund,-28.55,16.4333,67.71,40,3,7.02,NA,1691614659
253,la charite-sur-loire,47.1833,3.0167,67.87,86,0,7.25,FR,1691614659
254,howrah,22.5892,88.3103,82.4,89,100,0.0,IN,1691614614
255,crane,31.3974,-102.3501,104.97,14,1,6.78,US,1691614660
256,port moresby,-9.4431,147.1797,74.62,73,40,11.5,PG,1691614661
257,hedemora,60.2797,15.9886,52.9,96,100,4.0,SE,1691614661
258,vetluga,57.8557,45.781,63.12,81,0,5.75,RU,1691614661
259,bandiagara,14.3501,-3.6104,83.48,61,98,6.53,ML,1691614661
260,karratha,-20.7377,116.8463,68.18,53,0,5.48,AU,1691614662
261,rio preto da eva,-2.6994,-59.6997,94.91,35,73,6.26,BR,1691614662
262,saldanha,-33.0117,17.9442,55.45,81,0,9.08,ZA,1691614479
263,balsas,-7.5325,-46.0356,90.12,21,2,5.32,BR,1691614663
264,cabo san lucas,22.8909,-109.9124,92.61,70,100,6.91,MX,1691614398
265,shingu,33.7333,135.9833,79.05,93,76,13.22,JP,1691614539
266,owando,-0.4819,15.8999,74.66,79,67,2.71,CG,1691614663
267,sitia,35.2,26.0986,79.99,65,0,21.52,GR,1691614663
268,tazacorte,28.629,-17.9293,74.37,91,0,14.97,ES,1691614664
269,bereeda,11.8704,51.0579,87.04,56,97,10.07,SO,1691614664
270,kununurra,-15.7667,128.7333,58.98,77,39,2.3,AU,1691614482
271,hamilton,39.1834,-84.5333,82.26,79,75,10.36,US,1691614664
272,nabire,-3.3667,135.4833,74.25,88,63,3.44,ID,1691614495
273,bumba,2.1833,22.4667,71.04,97,100,1.54,CD,1691614664
274,new norfolk,-42.7826,147.0587,55.92,79,100,6.02,AU,1691614665
275,horta,38.5333,-28.6333,76.64,89,20,11.5,PT,1691614665
276,tarrafal de sao nicolau,16.5667,-24.3667,78.42,71,99,17.4,CV,1691614665
277,afaahiti,-17.75,-149.2833,80.47,71,93,13.82,PF,1691614491
278,hammerfest,70.6634,23.6821,73.85,64,0,3.44,NO,1691614665
279,luderitz,-26.6481,15.1594,74.23,44,78,5.21,NA,1691614665
280,buala,-8.145,159.5921,78.91,86,98,7.16,SB,1691614666
281,shalqar,47.8333,59.6,75.92,43,0,14.27,KZ,1691614666
282,sugarcreek,41.4215,-79.8812,82.89,57,20,8.05,US,1691614666
283,cockburn town,21.4612,-71.1419,84.25,84,82,17.34,TC,1691614666
284,gwanda,-20.9333,29.0,51.62,61,4,4.45,ZW,1691614667
285,syas'stroy,60.1367,32.5691,60.1,96,100,4.54,RU,1691614668
286,warrenton,-28.114,24.8475,52.41,35,0,14.2,ZA,1691614668
287,naze,28.3667,129.4833,77.92,89,63,11.7,JP,1691614668
288,alpena,45.0617,-83.4327,86.32,43,0,11.5,US,1691614668
289,sao jose da coroa grande,-8.8978,-35.1478,75.06,75,6,10.29,BR,1691614669
290,san salvador de jujuy,-24.1946,-65.2971,67.53,24,0,5.32,AR,1691614669
291,arno,60.1167,18.6333,58.78,76,100,15.39,SE,1691614669
292,flin flon,54.7682,-101.865,66.04,42,20,6.91,CA,1691614669
293,zhob,31.3411,69.4481,85.06,37,89,2.59,PK,1691614669
294,penzance,50.1186,-5.5371,61.48,92,2,10.25,GB,1691614670
295,tanout,14.9709,8.8879,88.74,44,0,7.43,NE,1691614670
296,eydhafushi,5.1033,73.0708,82.02,79,100,14.2,MV,1691614670
297,kapa'a,22.0752,-159.319,86.32,68,75,19.57,US,1691614670
298,salahonda,2.1019,-78.7217,80.83,81,24,13.09,CO,1691614670
299,aripuana,-9.1667,-60.6333,94.39,31,91,0.65,BR,1691614671
300,fada,9.5667,8.3,68.16,97,66,2.48,NG,1691614538
301,constantia,44.1833,28.65,63.7,64,1,9.51,RO,1691614540
302,flat river,37.8501,-90.5168,75.65,88,100,10.36,US,1691614671
303,imphal,24.8167,93.95,71.13,99,98,1.16,IN,1691614671
304,arys,42.4252,68.795,82.83,31,0,5.59,KZ,1691614672
305,mucumpiz,8.4167,-71.1333,65.39,76,76,3.67,VE,1691614575
306,quellon,-43.1167,-73.6167,52.05,93,75,21.85,CL,1691614513
307,san patricio,28.017,-97.5169,103.17,44,0,21.52,US,1691614672
308,mokhotlong,-29.2894,29.0675,41.38,80,0,3.2,LS,1691614672
309,ta`u,-14.2336,-169.5144,80.78,74,7,9.91,AS,1691614672
310,lerwick,60.1545,-1.1494,51.8,71,95,23.42,GB,1691614583
311,whakatane,-37.9585,176.9854,46.78,98,72,1.01,NZ,1691614673
312,alofi,-19.0595,-169.9187,80.49,83,20,4.61,NU,1691614673
313,bel ombre,-4.6167,55.4167,78.64,78,20,5.75,SC,1691614673
314,imbituba,-28.24,-48.6703,65.86,96,100,12.71,BR,1691614673
315,avarua,-21.2078,-159.775,75.25,69,75,18.41,CK,1691614674
316,iguape,-24.7081,-47.5553,67.17,92,100,14.25,BR,1691614674
317,uyuni,-20.4597,-66.825,50.32,19,0,10.02,BO,1691614674
318,miyako,39.6367,141.9525,77.92,92,13,11.25,JP,1691614674
319,chilaw,7.5758,79.7953,78.82,88,100,14.76,LK,1691614675
320,yaren,-0.5472,166.916,82.44,75,51,6.2,NR,1691614675
321,mount pearl,47.5166,-52.7813,57.96,84,75,13.8,CA,1691614540
322,imperatriz,-5.5264,-47.4917,95.05,41,40,2.3,BR,1691614515
323,shimoda,34.6667,138.95,77.11,86,55,10.83,JP,1691614546
324,tobruk,32.0836,23.9764,79.59,69,0,12.86,LY,1691614676
325,posse,-14.0931,-46.3694,81.37,29,0,7.14,BR,1691614676
326,evinayong,1.4368,10.5512,68.52,94,80,1.63,GQ,1691614676
327,fort bragg,35.139,-79.006,92.93,41,20,10.36,US,1691614676
328,khilok,51.3674,110.4676,62.85,99,100,5.12,RU,1691614676
329,shimo-furano,43.35,142.3833,75.83,97,70,3.47,JP,1691614676
330,northam,51.0333,-4.2167,65.25,94,85,4.38,GB,1691614677
331,akureyri,65.6835,-18.0878,48.13,76,40,10.36,IS,1691614677
332,kidal,18.4411,1.4078,96.58,30,100,7.74,ML,1691614677
333,lebu,-37.6167,-73.65,53.08,94,100,23.67,CL,1691614677
334,alva,56.1528,-3.8051,63.66,86,79,5.17,GB,1691614677
335,guerrero negro,27.9769,-114.0611,82.08,58,13,17.65,MX,1691614507
336,rymarov,49.9318,17.2718,52.25,94,7,2.62,CZ,1691614678
337,westport,41.1415,-73.3579,87.28,47,40,11.01,US,1691614530
338,akjoujt,19.6969,-14.4164,96.3,22,2,15.93,MR,1691614678
339,colac,-38.3333,143.5833,47.84,94,41,9.24,AU,1691614678
340,rathgar,53.3146,-6.275,72.27,84,75,5.75,IE,1691614678
341,port saint john's,-31.6229,29.5448,63.41,82,97,10.87,ZA,1691614498
342,gutao,37.2025,112.1781,71.24,82,48,2.86,CN,1691614522
343,brynamman,51.8,-3.8667,64.54,87,43,1.83,GB,1691614679
344,enriquillo,17.9,-71.2333,92.88,69,8,11.5,DO,1691614679
345,taroudant,30.4703,-8.877,84.4,43,80,2.15,MA,1691614679
346,charters towers,-20.1,146.2667,54.97,91,18,7.76,AU,1691614679
347,kudymkar,59.0173,54.656,56.62,77,25,4.9,RU,1691614680
348,santa ana,33.7456,-117.8678,94.41,66,75,12.66,US,1691614585
349,caleta de carquin,-11.0925,-77.6267,70.43,69,35,10.71,PE,1691614680
350,maun,-19.9833,23.4167,64.36,20,0,6.91,BW,1691614680
351,abhar,36.1468,49.218,67.89,62,0,5.26,IR,1691614680
352,prachuap khiri khan,12.2167,99.75,74.16,85,96,3.89,TH,1691614680
353,antsiranana,-12.2787,49.2917,71.64,79,1,11.59,MG,1691614681
354,antofagasta,-23.65,-70.4,63.68,75,36,5.01,CL,1691614681
355,jaisinghnagar,23.7,81.3833,75.65,86,100,5.64,IN,1691614681
356,port blair,11.6667,92.75,82.44,83,75,5.75,IN,1691614538
357,anton lizardo,19.05,-95.9833,91.22,69,48,9.73,MX,1691614681
358,benjamin constant,-4.3831,-70.0311,89.73,66,20,3.44,BR,1691614398
359,al jawf,29.5,38.75,87.94,21,0,4.85,SA,1691614682
360,qinnan,33.2531,119.9133,71.35,88,15,6.46,CN,1691614682
361,maragogi,-9.0122,-35.2225,74.95,76,7,10.29,BR,1691614682
362,turpan,42.9333,89.1667,90.66,27,30,3.47,CN,1691614682
363,belaya kholunitsa,58.84,50.8528,61.75,86,20,2.91,RU,1691614683
364,sampit,-2.5333,112.95,71.64,92,17,2.33,ID,1691614600
365,kaa-khem,51.6833,94.7333,61.18,93,100,1.99,RU,1691614683
366,abalak,58.1286,68.5944,59.16,90,100,7.43,RU,1691614683
367,portel,-1.9356,-50.8211,86.38,59,61,6.42,BR,1691614683
368,harstad,68.799,16.5293,65.25,76,29,6.24,NO,1691614684
369,xilitla,21.3333,-98.9667,95.2,43,33,7.34,MX,1691614684
370,hermantown,46.8069,-92.2383,74.37,55,40,8.05,US,1691614684
371,la malbaie,47.6575,-70.1559,69.82,90,100,4.16,CA,1691614684
372,la porte,29.6658,-95.0194,103.17,61,75,13.8,US,1691614684
373,shushenskoye,53.325,91.9356,64.54,63,99,5.64,RU,1691614685
374,aldinga beach,-35.2793,138.4604,53.67,84,1,10.04,AU,1691614685
375,las palmas de gran canaria,28.0997,-15.4134,78.93,57,20,28.77,ES,1691614685
376,mana,5.6592,-53.7767,81.14,79,56,12.91,GF,1691614685
377,palapag,12.5458,125.1147,79.45,87,100,8.84,PH,1691614685
378,puerto baquerizo moreno,-0.9,-89.6,81.59,69,75,14.97,EC,1691614417
379,sola,-13.8833,167.55,73.36,85,100,23.04,VU,1691614686
380,mili,6.0815,171.735,82.22,73,78,3.36,MH,1691614686
381,troitsko-pechorsk,62.7084,56.1964,55.87,76,26,4.34,RU,1691614686
382,kolonia town,6.964,158.206,81.82,79,97,10.83,FM,1691614686
383,heihe,50.2441,127.4902,64.98,98,99,6.87,CN,1691614501
384,ingeniero jacobacci,-41.3427,-69.5448,50.56,60,100,21.59,AR,1691614687
385,jand,33.4299,72.0193,94.66,43,27,6.58,PK,1691614687
386,semdinli,37.3051,44.5742,75.22,25,0,7.31,TR,1691614687
387,qui nhon,13.7667,109.2333,82.04,71,69,8.23,VN,1691614687
388,gisborne,-38.6533,178.0042,49.21,72,100,9.66,NZ,1691614688
389,berdigestyakh,62.0989,126.6992,55.99,65,16,6.96,RU,1691614688
390,san luis ixcan,15.7872,-91.095,92.3,46,22,4.56,GT,1691614688
391,tame,6.461,-71.73,84.15,75,83,3.2,CO,1691614688
392,san julian,21.0167,-102.1667,81.05,34,19,2.71,MX,1691614688
393,sao joao da barra,-21.6403,-41.0511,73.49,82,69,12.84,BR,1691614419
394,maroantsetra,-15.4333,49.7333,69.84,87,75,4.32,MG,1691614689
395,lhokseumawe,5.1801,97.1507,77.18,86,96,3.67,ID,1691614689
396,port-vila,-17.7338,168.3219,69.4,64,100,5.75,VU,1691614689
397,reuleuet,5.2167,96.2833,77.85,80,81,3.22,ID,1691614689
398,khovd,48.0056,91.6419,63.66,60,100,2.15,MN,1691614690
399,mejit,10.2753,170.8646,82.04,71,85,10.71,MH,1691614690
400,vlahita,46.35,25.5167,57.31,55,100,4.07,RO,1691614690
401,pangody,65.85,74.4859,50.0,71,85,19.8,RU,1691614690
402,eagle point,42.4726,-122.8028,90.73,31,0,7.0,US,1691614690
403,kodinsk,58.6881,99.1844,56.75,89,42,3.4,RU,1691614691
404,aldan,58.6031,125.3894,58.3,81,92,8.43,RU,1691614691
405,porbandar,21.6422,69.6093,80.42,83,100,18.52,IN,1691614691
406,island harbour,50.724,-1.2758,64.15,88,0,3.65,GB,1691614691
407,merizo village,13.2658,144.6691,79.36,95,100,18.21,GU,1691614691
408,gunjur,13.2019,-16.7339,80.67,78,40,5.75,GM,1691614692
409,bridlington,54.0831,-0.1919,60.73,84,61,1.99,GB,1691614692
410,port lincoln,-34.7333,135.8667,51.73,69,70,10.13,AU,1691614692
411,ebon,4.582,168.6964,81.21,78,100,5.28,MH,1691614692
412,al burayqah,30.4062,19.5739,79.79,65,0,17.52,LY,1691614692
413,spinetta marengo,44.8862,8.6829,69.51,75,28,5.95,IT,1691614693
414,shelekhov,52.2139,104.1,64.78,98,100,4.88,RU,1691614693
415,zyryanovsk,49.7386,84.2719,56.12,89,20,2.26,KZ,1691614693
416,nizhniy odes,63.6445,54.856,57.43,66,4,3.67,RU,1691614693
417,pihuamo,19.2499,-103.3828,87.08,65,9,5.97,MX,1691614694
418,napanee,44.2501,-76.9494,82.31,58,9,13.47,CA,1691614595
419,baruun-urt,46.6806,113.2792,60.39,72,74,6.78,MN,1691614694
420,hudiksvall,61.729,17.1036,55.42,89,82,9.73,SE,1691614694
421,poronaysk,49.2167,143.1167,58.46,92,100,3.09,RU,1691614694
422,bandarbeyla,9.4942,50.8122,75.58,84,98,28.72,SO,1691614530
423,raichur,16.2,77.3667,81.07,65,100,13.2,IN,1691614695
424,dem'yanovo,60.3511,47.0842,62.11,91,12,3.65,RU,1691614695
425,araucaria,-25.5931,-49.4103,58.01,99,100,3.31,BR,1691614636
426,sydney mines,46.2367,-60.2177,67.03,92,100,23.02,CA,1691614696
427,hovd,48.0056,91.6419,63.66,60,100,2.15,MN,1691614696
428,penaranda de bracamonte,40.9011,-5.2003,78.87,27,1,11.03,ES,1691614696
429,balykshi,47.0667,51.8667,80.6,28,0,11.18,KZ,1691614696
430,happy valley-goose bay,53.3168,-60.3315,62.91,82,100,9.22,CA,1691614696
431,berezovyy,51.6667,135.7,56.48,84,32,1.5,RU,1691614590
432,anguera,-12.151,-39.2453,71.31,73,61,7.87,BR,1691614697
433,biltine,14.5333,20.9167,74.98,84,100,15.35,TD,1691614697
434,nago,26.5881,127.9761,79.65,91,33,5.75,JP,1691614697
435,sarina,-21.4333,149.2167,61.61,1,12,6.33,AU,1691614697
436,kapit,2.0167,112.9333,72.3,99,62,0.81,MY,1691614698
437,cestos city,5.46,-9.5828,77.41,82,100,14.74,LR,1691614698
438,zhanibek,49.4167,46.85,81.73,29,38,11.03,KZ,1691614698
439,kiunga,-6.1219,141.2906,71.55,88,100,3.67,PG,1691614602
440,sagarejo,41.734,45.3315,81.03,46,0,5.73,GE,1691614698
441,george town,5.4112,100.3354,80.02,93,40,9.22,MY,1691614601
442,chistopol',55.3631,50.6424,66.94,60,0,4.72,RU,1691614699
443,north bend,43.4065,-124.2243,82.24,64,20,11.5,US,1691614699
444,conde,-7.2597,-34.9075,78.26,73,20,13.8,BR,1691614699
445,guinticgan,11.5641,123.1236,80.04,83,45,7.11,PH,1691614699
446,akrehamn,59.2667,5.1833,54.0,76,75,18.41,NO,1691614700
447,newman,37.3138,-121.0208,91.24,14,0,8.66,US,1691614523
448,hobyo,5.3505,48.5268,76.57,83,85,23.58,SO,1691614700
449,barcelos,41.5388,-8.6151,68.85,91,18,1.59,PT,1691614700
450,lakatoro,-16.0999,167.4164,69.85,79,97,13.69,VU,1691614701
451,turkmenabat,39.0733,63.5786,84.18,34,0,11.5,TM,1691614701
452,palau,7.503,134.621,80.01,82,83,14.54,PW,1691614701
453,val-d'or,48.1002,-77.7828,73.49,60,75,3.44,CA,1691614502
454,karmaskaly,54.3709,56.1837,60.71,75,2,3.96,RU,1691614701
455,pechora,65.1472,57.2244,59.76,70,100,4.45,RU,1691614702
456,sao tome,0.3365,6.7273,76.01,82,43,7.2,ST,1691614702
457,sovetskiy,61.3614,63.5842,58.91,61,93,5.82,RU,1691614702
458,forest city,28.6668,-81.4433,101.19,49,40,10.36,US,1691614645
459,kayangel,8.0823,134.7173,81.3,79,51,15.86,PW,1691614702
460,belle chasse,29.8549,-89.9906,99.0,56,75,16.11,US,1691614702
461,port sudan,19.6175,37.2164,94.64,30,9,5.77,SD,1691614462
462,preobrazheniye,42.9019,133.9064,65.82,98,100,11.99,RU,1691614703
463,mstsislaw,54.0192,31.7257,56.3,66,72,4.14,BY,1691614703
464,esperantinopolis,-4.8667,-44.7083,88.45,44,15,6.58,BR,1691614703
465,port isabel,26.0734,-97.2086,100.49,55,20,25.32,US,1691614418
466,thunder bay,48.4001,-89.3168,75.11,38,40,13.8,CA,1691614704
467,bubaque,11.2833,-15.8333,81.03,82,74,7.02,GW,1691614704
468,baruni,25.4833,85.9833,78.21,91,100,9.66,IN,1691614704
469,gizo,-8.103,156.8419,79.36,82,99,22.82,SB,1691614704
470,zyrya,40.3661,50.2917,82.49,58,0,7.0,AZ,1691614704
471,hurghada,27.2574,33.8129,93.24,13,0,9.22,EG,1691614576
472,kruisfontein,-34.0033,24.7314,58.89,91,0,8.16,ZA,1691614705
473,bodo,67.28,14.405,65.77,60,0,13.8,NO,1691614705
474,takoradi,4.8845,-1.7554,75.24,85,75,10.58,GH,1691614705
475,fort mcmurray,56.7268,-111.381,58.59,94,100,11.5,CA,1691614705
476,woodlake,37.4211,-77.6793,88.84,52,0,4.61,US,1691614705
477,golyshmanovo,56.3979,68.3728,60.12,89,94,6.11,RU,1691614706
478,kwaksan,39.6875,125.0828,73.33,91,100,5.59,KP,1691614706
479,dryden,49.7833,-92.7503,64.69,59,75,8.05,CA,1691614706
480,egilsstadir,65.2653,-14.3948,48.11,76,75,3.44,IS,1691614706
481,amurrio,43.05,-3.0,89.35,86,66,4.72,ES,1691614706
482,inongo,-1.95,18.2667,72.95,73,70,6.15,CD,1691614707
483,fenoarivo be,-18.4333,46.5667,57.31,83,17,5.5,MG,1691614707
484,moche,-8.1711,-79.0092,71.78,83,75,8.05,PE,1691614707
485,fray luis beltran,-39.3167,-65.7667,64.53,30,100,18.12,AR,1691614707
486,malakanagiri,18.35,81.9,75.52,90,90,0.31,IN,1691614708
487,ramgarh,23.6333,85.5167,76.55,82,91,3.65,IN,1691614708
488,vila velha,-20.3297,-40.2925,73.35,88,75,8.05,BR,1691614518
489,forster,-32.1667,152.5167,49.69,63,84,6.4,AU,1691614558
490,venezuela,8.0,-66.0,88.92,63,91,5.35,VE,1691614634
491,hami,42.8,93.45,82.85,29,5,16.62,CN,1691614709
492,senador jose porfirio,-2.5908,-51.9542,88.03,55,53,5.37,BR,1691614709
493,kisangani,0.5167,25.2,72.7,93,68,2.28,CD,1691614709
494,swakopmund,-22.6833,14.5333,56.25,89,68,1.01,NA,1691614709
495,leava,-14.3,-178.1667,81.18,75,22,8.34,WF,1691614709
496,phang nga,8.4509,98.5298,77.04,94,96,2.35,TH,1691614709
497,duobao,30.67,112.6895,76.08,81,36,6.89,CN,1691614710
498,pahrump,36.2083,-115.9839,94.5,12,32,3.0,US,1691614710
499,ha'il,27.5219,41.6907,91.42,16,0,9.22,SA,1691614710
500,luanda,-8.8368,13.2343,69.8,83,4,8.05,AO,1691614710
501,el hadjira,32.6134,5.5126,97.43,17,0,6.91,DZ,1691614554
502,verkhnevilyuysk,63.4453,120.3167,55.71,67,0,5.91,RU,1691614711
503,sihanoukville,10.6093,103.5296,82.35,89,40,4.61,KH,1691614711
504,corte,42.25,9.25,67.96,57,8,5.17,FR,1691614711
505,waingapu,-9.6567,120.2641,71.76,87,34,8.84,ID,1691614711
506,geraldton,-28.7667,114.6,48.61,87,40,8.05,AU,1691614474
507,hargeysa,9.56,44.065,71.24,56,100,24.07,SO,1691614712
508,kollam,8.8833,76.6,77.47,91,96,7.54,IN,1691614712
509,broome,42.2506,-75.833,79.2,67,100,8.05,US,1691614712
510,constantine,36.365,6.6147,74.61,49,0,5.75,DZ,1691614712
511,solnechnyy,50.7214,136.6319,56.95,83,100,5.86,RU,1691614712
512,grand falls-windsor,48.9332,-55.6649,61.5,82,100,1.01,CA,1691614539
513,santana,-0.0583,-51.1817,89.78,70,40,13.8,BR,1691614713
514,castillos,-34.1667,-53.8333,59.04,85,58,12.71,UY,1691614713
515,siwa oasis,29.2041,25.5195,89.37,28,0,6.93,EG,1691614713
516,mirnyy,62.5353,113.9611,62.24,88,97,4.0,RU,1691614713
517,chagoda,59.164,35.3285,60.53,97,100,2.08,RU,1691614680
518,freguesia do ribeirao da ilha,-27.7177,-48.5627,65.84,95,100,8.05,BR,1691614714
519,petropavlovka,50.6114,105.3196,61.43,94,45,3.24,RU,1691614714
520,nagqu,31.5,92.0,42.67,80,72,3.69,CN,1691614513
521,portage,41.1667,-81.1998,83.75,59,90,1.99,US,1691614714
522,igarka,67.4667,86.5833,55.78,96,97,6.06,RU,1691614714
523,metairie,29.9841,-90.1528,98.58,58,75,12.66,US,1691614467
524,weno,7.4515,151.8468,78.75,100,40,0.0,FM,1691614495
525,al 'amarah,31.8406,47.1396,103.28,11,5,7.52,IQ,1691614715
526,ginir,7.1333,40.7,59.67,73,45,10.54,ET,1691614715
527,viedma,-40.8135,-62.9967,62.83,31,96,15.48,AR,1691614534
528,galle,6.0367,80.217,79.34,86,100,8.12,LK,1691614715
529,rongelap,11.1635,166.8941,82.22,76,41,6.38,MH,1691614715
530,jayapura,-2.5333,140.7,74.59,93,84,5.26,ID,1691614716
531,griffith,41.5284,-87.4237,79.29,69,0,3.44,US,1691614716
532,hirara,24.8,125.2833,82.26,100,77,4.61,JP,1691614716
533,sao miguel do araguaia,-13.275,-50.1628,90.59,21,2,5.28,BR,1691614716
534,kitimat,54.0524,-128.6534,62.91,72,100,7.0,CA,1691614550
535,kamyzyak,46.11,48.0736,86.02,42,40,8.95,RU,1691614717
536,lindsay,36.203,-119.0882,96.01,27,0,5.75,US,1691614717
537,saint-paul,-21.0096,55.2707,69.89,88,43,1.01,RE,1691614717
538,beledweyne,4.7358,45.2036,75.88,69,63,18.84,SO,1691614717
539,camargo,27.6667,-105.1667,99.63,15,4,5.12,MX,1691614555
